Statistic,Value
Min,-0.1072270023882993
Max,0.11403199984272305
Average,0.002117404908643387
