Statistic,Value
Max,0.3015360006131118
Average,0.08414250576694704
