Statistic,Value
Min,-0.1250290004861654
Max,0.13243999852363686
Average,0.002288595865679177
