Statistic,Value
Max,0.11403199984272305
Average,0.014074548146233008
