Statistic,Value
Min,-0.3015360006131118
Max,0.1490039993612413
Average,-0.08276888165455012
