Statistic,Value
Max,0.10948799999965786
Average,0.015207584009388651
