Statistic,Value
Max,0.13243999852363686
Average,0.01581793813871813
