Statistic,Value
Min,-0.30152800034599636
Max,0.14900599776268564
Average,-0.08278279553437246
