Statistic,Value
Max,0.30152800034599636
Average,0.08414212022548215
