Statistic,Value
Max,0.10049599996619918
Average,0.01311186996497035
